<?xml version="1.1" encoding="UTF-8" ?>
<!DOCTYPE sla-profile [

<!ELEMENT sla-profile (description?, sla-threshold*)>
<!ATTLIST sla-profile
    uid CDATA #REQUIRED
    uniqueKey CDATA #REQUIRED>

<!ELEMENT description (#PCDATA)>
	
<!ELEMENT sla-threshold ((threshold-condition )*)>
<!ATTLIST sla-threshold
	uid CDATA #REQUIRED
	percent CDATA #IMPLIED
	identifier CDATA #REQUIRED
	enabled CDATA #REQUIRED
	family CDATA #REQUIRED>

<!ELEMENT threshold-condition (#PCDATA)>
<!ATTLIST threshold-condition
    severity CDATA #REQUIRED
    durationKind CDATA #REQUIRED
    durationNumber CDATA #REQUIRED
    operator CDATA #REQUIRED
    valueMin CDATA #REQUIRED
    valueMax CDATA #REQUIRED>

]>
<sla-profile name="BillBProfile" uid="266ca279-566d-42e4-add8-afc7e091886e">
<description>Capture some metrics to cause a SLA violation</description>
<sla-threshold enabled="false" family="PER_RUN" identifier="AVERAGE_REQUEST_RESPONSE_TIME" percent="1" uid="dd82d6f5-905b-4762-9617-cbee2a3e2bb5"/>
<sla-threshold enabled="false" family="PER_RUN" identifier="AVERAGE_PAGE_RESPONSE_TIME" percent="1" uid="a85c90af-0129-430c-aba6-2e99ffc0e203"/>
<sla-threshold enabled="true" family="PER_RUN" identifier="AVERAGE_CONTAINER_RESPONSE_TIME" percent="1" uid="9c89034a-c27f-40ef-a968-eff427678f28">
<threshold-condition durationKind="NB_OF_TIMES" durationNumber="1" operator="GREATER_THAN" severity="HIGH" valueMax="Infinity" valueMin="0.4"/>
<threshold-condition durationKind="NB_OF_TIMES" durationNumber="1" operator="GREATER_THAN" severity="LOW" valueMax="Infinity" valueMin="0.2"/>
</sla-threshold>
<sla-threshold enabled="false" family="PER_RUN" identifier="PERCENTILE_CONTAINER_RESPONSE_TIME" percent="1" uid="29114640-ded6-4d66-ac1b-af4dd089ddfc"/>
<sla-threshold enabled="false" family="PER_RUN" identifier="AVERAGE_HITS_PER_SECOND" percent="1" uid="86574917-c928-486a-a000-8656eda33fc1"/>
<sla-threshold enabled="false" family="PER_RUN" identifier="AVERAGE_THROUGHPUT_PER_SECOND" percent="1" uid="fe0ed2c7-0dbb-48ac-80b5-23f6fc71fe2d"/>
<sla-threshold enabled="false" family="PER_RUN" identifier="TOTAL_ERRORS" percent="1" uid="d174e0fd-de36-45a9-9af9-12015a25af62"/>
<sla-threshold enabled="false" family="PER_RUN" identifier="TOTAL_HITS" percent="1" uid="e2c6880a-fcb5-4570-b2a8-6a245542c3c5">
<threshold-condition durationKind="NB_OF_TIMES" durationNumber="1" operator="GREATER_THAN" severity="HIGH" valueMax="Infinity" valueMin="0.0"/>
<threshold-condition durationKind="NB_OF_TIMES" durationNumber="1" operator="GREATER_THAN" severity="LOW" valueMax="Infinity" valueMin="0.0"/>
</sla-threshold>
<sla-threshold enabled="false" family="PER_RUN" identifier="TOTAL_THROUGHPUT" percent="1" uid="da84f164-5fef-4ce3-8e94-aaaa6203f16a"/>
<sla-threshold enabled="false" family="PER_RUN" identifier="ERROR_PERCENTILE" percent="1" uid="78eadfe5-1399-430a-91f8-87a27d709c74"/>
<sla-threshold enabled="false" family="PER_TIME_INTERVAL" identifier="AVERAGE_RESPONSE_TIME" percent="1" uid="38d74158-360c-4008-9cd0-6cd1a02ef962"/>
<sla-threshold enabled="false" family="PER_TIME_INTERVAL" identifier="AVERAGE_HITS_PER_SECOND" percent="1" uid="d45e21fd-d181-4d38-a565-8cdf98b5499d"/>
<sla-threshold enabled="false" family="PER_TIME_INTERVAL" identifier="AVERAGE_THROUGHPUT_PER_SECOND" percent="1" uid="a31a7002-e435-4c14-bdbd-ed1492629131"/>
<sla-threshold enabled="false" family="PER_TIME_INTERVAL" identifier="ERRORS_PER_SECOND" percent="1" uid="3be958e2-fdbb-4ae9-be7f-1fcd4bd40b30"/>
<sla-threshold enabled="false" family="PER_TIME_INTERVAL" identifier="ERROR_PERCENTILE" percent="1" uid="4500833c-4c49-4894-8588-cffbb0462e15"/>
</sla-profile>
